set_index,hashtags_space_separated
1,#fitness #fitnesscommunity #fitnessideas #community #behindthescenes #tutorial #education #contentstrategy #sample_creatortips #sample_creatorcommunity #productivity #creator #startup
2,#nutrition #nutritiontips #nutritionideas #smallbusiness #education #behindthescenes #creativeprocess #howto #sample_creatortips #sample_creatorcommunity #productivity #startup #maker
3,#nutritioncommunity #nutritionguide #nutritionideas #community #tips #smallbusiness #learnontheinternet #creativeprocess #sample_creator #sample_creatorcommunity #productivity #value #entrepreneur
4,#nutritioncommunity #nutritionguide #nutritiontips #howto #learnontheinternet #contentstrategy #smallbusiness #tips #sample_creatorcommunity #sample_creatortips #entrepreneur #growthmindset #creator
5,#fitness101 #fitnessideas #fitness #contentstrategy #howto #tutorial #creativeprocess #community #sample_creator #sample_creatortips #startup #creator #value
6,#nutritionguide #nutritionideas #nutrition101 #education #howto #contentstrategy #creativeprocess #behindthescenes #sample_creator #sample_creatorcommunity #maker #growthmindset #productivity
7,#fitnessguide #fitness101 #fitnesstips #behindthescenes #contentstrategy #creativeprocess #learnontheinternet #smallbusiness #sample_creatorcommunity #sample_creator #startup #productivity #maker
8,#nutritioncommunity #nutritionideas #nutrition #tips #learnontheinternet #contentstrategy #smallbusiness #howto #sample_creator #sample_creatortips #value #maker #startup
9,#fitnesstips #fitness #fitness101 #tutorial #howto #learnontheinternet #education #tips #sample_creatorcommunity #sample_creator #value #entrepreneur #creator
10,#nutritioncommunity #nutrition101 #nutritionguide #smallbusiness #behindthescenes #tutorial #learnontheinternet #contentstrategy #sample_creatortips #sample_creator #growthmindset #entrepreneur #productivity
11,#nutritionideas #nutrition101 #nutritiontips #howto #creativeprocess #contentstrategy #education #community #sample_creatorcommunity #sample_creatortips #growthmindset #entrepreneur #productivity
12,#fitnesstips #fitnesscommunity #fitness #contentstrategy #creativeprocess #smallbusiness #learnontheinternet #howto #sample_creator #sample_creatortips #maker #startup #entrepreneur
13,#wellnessideas #wellnesscommunity #wellnesstips #tutorial #creativeprocess #learnontheinternet #behindthescenes #community #sample_creator #sample_creatortips #growthmindset #productivity #entrepreneur
14,#wellness101 #wellnesstips #wellness #smallbusiness #behindthescenes #howto #contentstrategy #tips #sample_creator #sample_creatortips #creator #startup #entrepreneur
15,#fitnesstips #fitnessguide #fitness #community #learnontheinternet #behindthescenes #smallbusiness #creativeprocess #sample_creatorcommunity #sample_creatortips #entrepreneur #maker #value
